Time,Score,Author Karma,Time Since Submission Created,Time Since Parent Created,Edited,Replies,Parent Score,Submission Score,Subreddit Subscribers,Subreddit NSFW
1559715229.5297465,1,1246,3.0,,False,0,,1,5797,False
1559715530.427291,1,1247,3.0,,False,1,,1,5797,False
1559715829.8297372,1,1247,3.0,,False,1,,1,5797,False
1559716131.4757473,1,1248,3.0,,False,1,,1,5797,False
1559716430.7602966,1,1249,3.0,,False,1,,1,5797,False
1559716730.458517,1,1250,3.0,,False,1,,1,5797,False
1559717030.7559414,1,1250,3.0,,False,1,,1,5797,False
1559717330.0235114,1,1253,3.0,,False,1,,1,5797,False
1559717629.9546652,1,1258,3.0,,False,1,,1,5797,False
1559717929.7193394,1,1259,3.0,,False,1,,1,5797,False
1559718229.9157267,1,1259,3.0,,False,1,,1,5797,False
1559718532.5121028,1,1259,3.0,,False,1,,1,5797,False
1559718831.2017634,1,1260,3.0,,False,1,,1,5797,False
1559719130.4032388,1,1260,3.0,,False,1,,1,5797,False
1559719430.018105,1,1259,3.0,,False,1,,1,5797,False
1559719731.5063336,1,1261,3.0,,False,1,,1,5797,False
1559720030.5393813,1,1261,3.0,,False,1,,1,5797,False
1559720329.7939675,1,1261,3.0,,False,1,,1,5797,False
1559720633.423672,1,1261,3.0,,False,1,,1,5797,False
1559720931.411102,1,1262,3.0,,False,1,,1,5797,False
1559721229.924264,1,1262,3.0,,False,1,,1,5797,False
1559721529.7969115,1,1262,3.0,,False,1,,1,5797,False
1559721830.321554,1,1264,3.0,,False,1,,1,5797,False
1559722131.2145233,1,1265,3.0,,False,1,,1,5797,False
1559722432.0209663,1,1267,3.0,,False,1,,1,5797,False
1559722734.6911814,1,1269,3.0,,False,1,,1,5797,False
1559723031.1447756,1,1269,3.0,,False,1,,1,5797,False
1559723334.0262196,1,1269,3.0,,False,1,,1,5797,False
1559723631.6285849,1,1269,3.0,,False,1,,1,5797,False
1559723930.5907598,1,1271,3.0,,False,1,,1,5797,False
1559724230.053786,1,1271,3.0,,False,1,,1,5797,False
1559724530.35512,1,1271,3.0,,False,1,,1,5797,False
1559724830.462572,1,1271,3.0,,False,1,,1,5797,False
1559725132.5074015,1,1272,3.0,,False,1,,2,5797,False
1559725431.7162385,1,1272,3.0,,False,1,,3,5797,False
1559725731.5955212,1,1272,3.0,,False,1,,3,5797,False
1559726030.5373476,1,1272,3.0,,False,1,,3,5797,False
1559726332.56869,1,1272,3.0,,False,1,,3,5797,False
1559726629.8832862,1,1275,3.0,,False,1,,3,5797,False
1559726931.620234,1,1275,3.0,,False,1,,3,5797,False
1559727230.578913,1,1275,3.0,,False,1,,3,5797,False
1559727531.4478154,1,1275,3.0,,False,1,,3,5797,False
1559727831.42841,1,1277,3.0,,False,1,,3,5797,False
1559728134.635638,1,1279,3.0,,False,1,,3,5797,False
1559728432.5067065,1,1279,3.0,,False,1,,3,5797,False
1559728731.9416945,1,1279,3.0,,False,1,,3,5797,False
1559729031.880072,1,1279,3.0,,False,1,,3,5797,False
1559729339.6462405,1,1279,3.0,,False,1,,3,5797,False
1559729631.1681108,1,1278,3.0,,False,1,,3,5797,False
1559729930.5161192,1,1278,3.0,,False,1,,3,5797,False
1559730233.6515727,1,1279,3.0,,False,1,,3,5797,False
1559730530.9500902,1,1279,3.0,,False,1,,4,5797,False
1559730831.0633805,1,1280,3.0,,False,1,,5,5797,False
1559731132.5489676,1,1280,3.0,,False,1,,5,5797,False
1559731433.5616214,1,1280,3.0,,False,1,,5,5797,False
1559731731.0322022,1,1280,3.0,,False,1,,5,5797,False
1559732030.7171707,1,1282,3.0,,False,1,,5,5797,False
1559732330.4999163,1,1285,3.0,,False,1,,4,5797,False
1559732630.3276465,1,1285,3.0,,False,1,,5,5797,False
1559732933.7404275,1,1285,3.0,,False,1,,6,5797,False
1559733232.028245,1,1287,3.0,,False,1,,6,5797,False
1559733532.0112467,1,1291,3.0,,False,1,,5,5797,False
1559733830.4308212,1,1291,3.0,,False,1,,5,5797,False
1559734131.3115218,1,1292,3.0,,False,1,,6,5797,False
1559734433.3468235,1,1291,3.0,,False,1,,5,5797,False
1559734741.5112598,1,1290,3.0,,False,1,,5,5797,False
1559735030.8598313,1,1288,3.0,,False,1,,7,5797,False
1559735334.899091,1,1289,3.0,,False,1,,6,5797,False
1559735635.678501,1,1291,3.0,,False,1,,6,5797,False
1559735930.8547096,1,1292,3.0,,False,1,,6,5797,False
1559736234.665927,1,1292,3.0,,False,1,,7,5797,False
1559736529.8124714,1,1292,3.0,,False,1,,5,5797,False
1559736833.3390934,1,1293,3.0,,False,1,,5,5797,False
1559737135.7891707,1,1292,3.0,,False,1,,5,5797,False
1559737431.9362726,1,1292,3.0,,False,1,,6,5797,False
1559737730.724625,1,1295,3.0,,False,1,,5,5797,False
1559738031.6646788,1,1295,3.0,,False,1,,5,5797,False
1559738331.8380525,1,1295,3.0,,False,1,,6,5797,False
1559738630.4700918,1,1295,3.0,,False,1,,6,5797,False
1559738933.218809,1,1294,3.0,,False,1,,6,5797,False
1559739233.1312635,1,1294,3.0,,False,1,,6,5797,False
1559739531.4258132,1,1294,3.0,,False,1,,6,5797,False
1559739830.1236985,1,1296,3.0,,False,1,,8,5797,False
1559740135.8562634,1,1297,3.0,,False,1,,7,5797,False
1559740431.8973515,1,1297,3.0,,False,1,,7,5797,False
1559740734.6226068,1,1298,3.0,,False,1,,7,5797,False
1559741032.2766757,1,1298,3.0,,False,1,,7,5797,False
1559741331.089918,1,1298,3.0,,False,1,,8,5797,False
1559741642.8709376,1,1298,3.0,,False,1,,8,5797,False
1559741931.3574376,1,1297,3.0,,False,1,,7,5797,False
1559742232.6531472,1,1297,3.0,,False,1,,8,5797,False
1559742536.8805733,1,1297,3.0,,False,1,,8,5797,False
1559742830.85376,1,1297,3.0,,False,1,,7,5797,False
1559743133.1402893,1,1297,3.0,,False,1,,10,5797,False
1559743432.1848593,1,1299,3.0,,False,1,,9,5797,False
1559743738.2110133,1,1299,3.0,,False,1,,12,5797,False
1559744033.9191036,1,1300,3.0,,False,1,,10,5797,False
1559744332.5280266,1,1302,3.0,,False,1,,11,5797,False
1559744632.3067336,1,1301,3.0,,False,1,,12,5797,False
1559744930.430203,1,1301,3.0,,False,1,,11,5797,False
1559745230.0363266,1,1301,3.0,,False,1,,15,5797,False
1559745530.8485074,1,1303,3.0,,False,1,,14,5797,False
1559745834.5719385,1,1304,3.0,,False,1,,14,5797,False
1559746134.4882,1,1306,3.0,,False,1,,15,5797,False
1559746432.3735526,1,1309,3.0,,False,1,,14,5797,False
1559746730.4827795,1,1310,3.0,,False,1,,15,5797,False
1559747031.409982,2,1313,3.0,,False,1,,16,5797,False
1559747335.084165,2,1316,3.0,,False,1,,17,5797,False
1559747633.3428392,2,1316,3.0,,False,1,,18,5797,False
1559747933.356093,2,1315,3.0,,False,1,,19,5797,False
1559748233.8832064,2,1316,3.0,,False,1,,19,5797,False
1559748530.536097,2,1318,3.0,,False,1,,20,5797,False
1559748831.3522012,2,1319,3.0,,False,1,,20,5797,False
1559749138.746575,2,1319,3.0,,False,1,,21,5797,False
1559749433.7231507,2,1323,3.0,,False,1,,22,5797,False
1559749733.4354901,2,1323,3.0,,False,1,,22,5797,False
1559750031.9003644,2,1323,3.0,,False,1,,24,5797,False
1559750331.1780484,2,1324,3.0,,False,1,,24,5797,False
1559750631.8029811,2,1326,3.0,,False,1,,23,5797,False
1559750941.618943,2,1326,3.0,,False,1,,24,5797,False
1559751230.9190285,2,1326,3.0,,False,1,,25,5797,False
1559751532.1679392,2,1328,3.0,,False,1,,25,5797,False
1559751832.9351394,2,1327,3.0,,False,1,,26,5797,False
1559752130.5597048,2,1328,3.0,,False,1,,26,5797,False
1559752432.6419926,2,1330,3.0,,False,1,,28,5797,False
1559752734.8452466,2,1333,3.0,,False,1,,28,5797,False
1559753032.1715784,2,1335,3.0,,False,1,,28,5797,False
1559753331.2908347,2,1338,3.0,,False,1,,28,5797,False
1559753630.8325489,2,1341,3.0,,False,1,,28,5797,False
1559753931.7896645,2,1342,3.0,,False,1,,28,5797,False
1559754234.8358152,2,1344,3.0,,False,1,,29,5797,False
1559754532.8113449,2,1347,3.0,,False,1,,28,5797,False
1559754830.5821605,3,1355,3.0,,False,1,,29,5797,False
1559755130.8940976,3,1360,3.0,,False,1,,30,5797,False
1559755430.1153748,3,1366,3.0,,False,1,,30,5797,False
1559755731.4236467,3,1368,3.0,,False,1,,31,5797,False
1559756032.6483605,3,1370,3.0,,False,1,,31,5797,False
1559756332.6580892,3,1376,3.0,,False,1,,33,5797,False
1559756632.9371047,4,1381,3.0,,False,1,,34,5797,False
1559756931.4513535,4,1383,3.0,,False,1,,35,5797,False
1559757231.0731018,3,1383,3.0,,False,1,,38,5797,False
1559757530.1184914,4,1385,3.0,,False,1,,39,5797,False
1559757833.6218562,4,1384,3.0,,False,1,,37,5797,False
1559758135.4298267,4,1384,3.0,,False,1,,34,5797,False
