Score,Author Karma,Time Created,Edited,Replies
1313,1593,1557715485.0,False,10
569,3724,1557715257.0,False,5
274,313,1557717234.0,False,2
85,5357,1557716576.0,False,1
80,15697,1557717243.0,False,3
189,1952,1557715878.0,False,2
37,24017,1557716524.0,False,1
347,22560,1557716162.0,False,12
1,4656,1557718834.0,False,2
1,1053,1557717806.0,False,1
1,4291,1557717800.0,False,3
71,142677,1557715894.0,False,1
11,11323,1557716540.0,False,0
1,3248,1557718535.0,False,1
1,1858,1557718662.0,False,1
17,10065,1557715797.0,False,0
1,8702,1557721728.0,False,0
1,406368,1557721120.0,False,13
1,15202,1557719651.0,False,3
1,1641,1557721677.0,False,1
1,2615,1557717880.0,False,1
1,102736,1557718429.0,False,0
1,343183,1557720331.0,False,0
1,4909,1557722203.0,False,1
1,39292,1557717787.0,False,0
